title,company,location,link
Senior Java Developer,Gejits Infotech Inc,"Austin, TX",https://www.indeed.com/viewjob?jk=4b9b9ea43c3c1043
Full Stack Java Developer - Recent Graduates,Cogent Infotech,"Irving, TX",https://www.indeed.com/viewjob?jk=04b0b15aed8aed2f
Java Developer,"GenTech Associates, Inc.","Kansas City, MO",https://www.indeed.com/viewjob?jk=00632cd89d3d6571
Java Developer,PSY LLC,"Oakdale, PA",https://www.indeed.com/viewjob?jk=6f7027c6d7e4114d
"Entry-Level Programmer, 100% Remote","Infinity Software Development, Inc",United States,https://www.indeed.com/viewjob?jk=ec81e42e09d78d58
Java Developer,MARS Group,"Milwaukee, WI",https://www.indeed.com/viewjob?jk=54e245cd40e26988
Sr. Java Developer,V Projects,Remote,https://www.indeed.com/viewjob?jk=c645831fd2d1a171
Java Developer,Brielle Technologies,United States,https://www.indeed.com/viewjob?jk=9589db4d813b72a5
Sr. Java Developer,Banyan Medical Systems,"Omaha, NE",https://www.indeed.com/viewjob?jk=bd773ae01521eca2
Java Backend Engineer,Applicantz,"San Francisco, CA",https://www.indeed.com/viewjob?jk=ac4b25c9ec5891ab
Sr. Java Full Stack Developer,ExterNetworks,"Middletown, NJ",https://www.indeed.com/viewjob?jk=f68f50893507ea8c
JAVA AWS LEAD,DiamondPick,Remote,https://www.indeed.com/viewjob?jk=acf5a271c367446a
Java Developer,Desmata Inc,"Lewisville, TX",https://www.indeed.com/viewjob?jk=2772adf547ca005e
Java Developer (PCF Pivotal Cloud Foundry),Optime-Tech,Remote,https://www.indeed.com/viewjob?jk=4b8c0bdaa692cc2f
Java Microservices with Kafka ON OUR W2 (USC/GC/H4-EAD/OPT),CBL SOLUTIONS INC,Remote,https://www.indeed.com/viewjob?jk=b8491af7479d2388
Java Developer,CA-One Tech Cloud Inc,Remote,https://www.indeed.com/viewjob?jk=e65c10d36f03ff94
Java Backend Developer,Futran Solutions,"Dallas, TX",https://www.indeed.com/viewjob?jk=373e5566f4380e00
Front-end React.js & JAVA Web Developer,Fanbooster by Traject,"Bellevue, WA",https://www.indeed.com/viewjob?jk=52dd2fc763f58599
Sr. Java Developer,Reed Technologies,Remote,https://www.indeed.com/viewjob?jk=9e6b2b078c3eea59
3rd Shift (11pm-7AM) Remote Call Center Customer Service Representative,Live Reps Call Center,Remote,https://www.indeed.com/viewjob?jk=c7b2914c261c4274
Senior Full-stack Java Developer with React.js and spoken English,Volia Software Inc,Remote,https://www.indeed.com/viewjob?jk=44052f93ee43ea66
Senior Java Developer (contract to hire),Panther IT,"Irving, TX",https://www.indeed.com/viewjob?jk=9ca71a1c0ba60f75
Junior Java Developer,Infologitech India pvt Ltd,"Columbus, OH",https://www.indeed.com/viewjob?jk=99c9566b8c25710f
Entry Level Software Engineer,LOCKHEED MARTIN CORPORATION,"Offutt AFB, NE",https://www.indeed.com/viewjob?jk=f4163058b19592c2
Core Java Developer,"Infinity Consulting Solutions, Inc.","Plano, TX",https://www.indeed.com/viewjob?jk=ee1898009330aa35
Entry Level Java Developer,Hudson MX,"Atlanta, GA",https://www.indeed.com/viewjob?jk=2f7a1a1f44b7bf7b
Programmer Analyst,Mid America Computer Corporation,"Blair, NE",https://www.indeed.com/viewjob?jk=221bad417894d94b
Full Stack Java Developer,TekNett,"Chicago, IL",https://www.indeed.com/viewjob?jk=bd81f4b79496e005
Java Developer,Inficare Software Technologies Pvt. Ltd.,"Chicago, IL",https://www.indeed.com/viewjob?jk=8f653a5fb7d46285
Fullstack Java Developer,TTS Solutions Inc,"Bridgewater, NJ",https://www.indeed.com/viewjob?jk=f1ca5baf7c16be0a
Java Developer,Intone Networks,Remote,https://www.indeed.com/viewjob?jk=5cba1cd8919fe682
Java Backend Developer,Infolob,"Washington, DC",https://www.indeed.com/viewjob?jk=590dbe6078b30e9c
Java Developer,U-Haul,"Phoenix, AZ",https://www.indeed.com/viewjob?jk=678fa3ebf399f174
SAP Commerce Hybris Full Stack Java Developer,Skolix LLC,Remote,https://www.indeed.com/viewjob?jk=2fb55e265ab68a62
Entry-level Java Developer,BeaconFire Solution,"Princeton, NJ",https://www.indeed.com/viewjob?jk=45cd723928a0c377
Jr. Java Developer(W2 roles- Training and Placement),IntelliLink Technologies Inc,"Princeton, NJ",https://www.indeed.com/viewjob?jk=e52f0d0bbff08c6c
Java Developer,YantraTek LLC,"Austin, TX",https://www.indeed.com/viewjob?jk=af9dd8379a4df27d
Sr. Java Engineer - 6786,ProFocus,"Beaverton, OR",https://www.indeed.com/viewjob?jk=c7980f3ed81d06a7
Java Backend Developer,CAPCO,Remote,https://www.indeed.com/viewjob?jk=979db8ba3db39786
Senior Java Developer,Performant Solutions,"Kansas City, MO",https://www.indeed.com/viewjob?jk=2188ac50342a7234
Java Developer,DevCool Inc.,Remote,https://www.indeed.com/viewjob?jk=ca860656c4f223b9
Java Developer,"Education Service Center, Region 20 [ESC-20]","San Antonio, TX",https://www.indeed.com/viewjob?jk=6c74c598972b57ad
Senior Java Developer,Inter Sources Inc,"Madison, WI",https://www.indeed.com/viewjob?jk=396f3af54d6a74d6
Java Application Developer,"PMCS Services, Inc","Austin, TX",https://www.indeed.com/viewjob?jk=7aae8f91181fe355
Java Developer (MongoDB),V Projects,"Pleasanton, CA",https://www.indeed.com/viewjob?jk=bfe33336f29ea4af
Java/Python SDET - FULL REMOTE,Nidish LLC,Remote,https://www.indeed.com/viewjob?jk=33a4d6d39198cb1e
Java developer,Data Bridge Consultants,United States,https://www.indeed.com/viewjob?jk=45608d9c55edd743
Java Engineer - Entry Level,USAA,"San Antonio, TX",https://www.indeed.com/viewjob?jk=817df2b6aef9c207
Java Developer,CBL SOLUTIONS INC,"Philadelphia, PA",https://www.indeed.com/viewjob?jk=5634c41ca82b32d6
Java Developer (MongoDB & Nosql),V Projects,"Fremont, CA",https://www.indeed.com/viewjob?jk=993485e8068d3e1d
Java Developer - Software Engineering,"JPMorgan Chase Bank, N.A.","Mumbai, India",https://stackoverflow.com/jobs/471608/472299
Full Stack Java Software Engineer,"JPMorgan Chase Bank, N.A.","Jersey City, NJ",https://stackoverflow.com/jobs/471608/470444
Java Softwareentwickler Backend (all genders),Z체hlke Engineering AG,"Hannover, Deutschland",https://stackoverflow.com/jobs/471608/467116
"Software Engineer (Java, Angular) (f/m/d)",Container xChange,"Hamburg, Deutschland",https://stackoverflow.com/jobs/471608/465688
Full Stack Software Developer - Java (all genders) Full-/Part-time,Accenture DACH,"Z체rich, Switzerland",https://stackoverflow.com/jobs/471608/391300
Java Developer - Consumer Industry  Cloud,SAP,"Pudong, China",https://stackoverflow.com/jobs/471608/462017
Software Engineering - Index Research Java Full Stack Lead-VP,"JPMorgan Chase Bank, N.A.","Mumbai, India",https://stackoverflow.com/jobs/471608/472235
"Senior Full Stack Software Engineer (TypeScript, Angular, Java, Spring) (F/M/D)",NavVis GmbH,"M체nchen, Germany",https://stackoverflow.com/jobs/471608/470795
"Backend Java Software Engineer (m/f) (Java, Spring Boot, Oracle, MongoDB)",RIAG DIGITAL,"Wien, Austria",https://stackoverflow.com/jobs/471608/145568
Software Engineering Fullstack Java,"JPMorgan Chase Bank, N.A.","Bengaluru, India",https://stackoverflow.com/jobs/471608/471918
Senior Java Developer,BUX,"Amsterdam, Netherlands",https://stackoverflow.com/jobs/471608/462203
Full Stack Software Engineer - Javascript / Java - VP,"JPMorgan Chase Bank, N.A.","London, UK",https://stackoverflow.com/jobs/471608/470858
Senior Backend Engineer - Java & Kotlin (m/f/d),Signavio,"Berlin, Germany",https://stackoverflow.com/jobs/471608/463563
Full-Stack Web Developer Java,WPS Management GmbH,"Paderborn, Deutschland",https://stackoverflow.com/jobs/471608/125395
Java Software Engineer,"JPMorgan Chase Bank, N.A.","Columbus, OH",https://stackoverflow.com/jobs/471608/472258
Full-Stack Java Software Engineer,"JPMorgan Chase Bank, N.A.","Columbus, OH",https://stackoverflow.com/jobs/471608/470078
(Senior) Java Backend Developer (f/m/x),Lendico Deutschland GmbH,"Berlin, Deutschland",https://stackoverflow.com/jobs/471608/469327
Senior Java Software Developer,Transporeon GmbH,"Krak처w, Poland",https://stackoverflow.com/jobs/471608/455722
Software Engineer (ITSE05) - Java Developer,"JPMorgan Chase Bank, N.A.","Mumbai, India",https://stackoverflow.com/jobs/471608/468991
"Software Engineer (Java, Kafka)",Nexthink,"Prilly, Switzerland",https://stackoverflow.com/jobs/471608/471146
Java Developer,Tallence AG,"Hamburg, Deutschland",https://stackoverflow.com/jobs/471608/397538
Senior Java Software Engineer - Trading systems,"JPMorgan Chase Bank, N.A.","Chicago, IL",https://stackoverflow.com/jobs/471608/469846
Java Software Engineer,"JPMorgan Chase Bank, N.A.","Plano, TX",https://stackoverflow.com/jobs/471608/465370
Senior Software Engineer (React/Java),Pinnacle 21,"Blue Bell, PA",https://stackoverflow.com/jobs/471608/262299
Software Engineer - Java Full-Stack,"JPMorgan Chase Bank, N.A.","Tampa, FL",https://stackoverflow.com/jobs/471608/470927
